word,wins,total,win_rate,deviation,ci_lo,ci_hi,ci_half
normalizing,72,104,0.6923076923076923,0.1923076923076923,0.5980794776445407,0.7728353860583624,0.08737795420691086
negotiable,76,117,0.6495726495726496,0.1495726495726496,0.5596196597083499,0.7300160360335676,0.08519818816260882
exploitation,72,117,0.6153846153846154,0.11538461538461542,0.5248976416118192,0.6985356093890887,0.08681898388863474
rights,84,143,0.5874125874125874,0.0874125874125874,0.5054672756247354,0.6647843699308098,0.07965854715303722
choosing,74,126,0.5873015873015873,0.08730158730158732,0.49999785253375945,0.6694395536677615,0.08472085056700104
resource,89,152,0.5855263157894737,0.08552631578947367,0.5060450896743321,0.6607911309100422,0.077373020617855
consent,129,222,0.581081081081081,0.08108108108108103,0.515339957782029,0.6440639009602316,0.06436197158910129
already,61,105,0.580952380952381,0.080952380952381,0.4853569524888766,0.6708335302940296,0.09273828890257649
collaborative,107,185,0.5783783783783784,0.07837837837837835,0.5063344516289751,0.6472335211091281,0.07044953474007654
control,101,175,0.5771428571428572,0.07714285714285718,0.5030645731571901,0.6479071320505498,0.07242127944667986
boundaries,165,286,0.5769230769230769,0.07692307692307687,0.5190174571536235,0.6327896727822628,0.056886107814319686
surveillance,58,101,0.5742574257425742,0.07425742574257421,0.4768501452900997,0.6662230260366542,0.09468644037327723
reducing,70,122,0.5737704918032787,0.07377049180327866,0.4850865658415684,0.6579505553797247,0.08643199476907815
once,59,103,0.5728155339805825,0.07281553398058249,0.4763629976447477,0.6640319404772937,0.09383447141627302
humans,64,112,0.5714285714285714,0.0714285714285714,0.478911377409721,0.659208430152144,0.09014852637121151
means,121,212,0.5707547169811321,0.07075471698113212,0.5034508804652194,0.6355400259339163,0.0660445727343485
collective,82,144,0.5694444444444444,0.06944444444444442,0.48780357786706985,0.6474764725297305,0.07983644733133033
even,548,964,0.5684647302904564,0.06846473029045641,0.5369881183268068,0.5993978556330612,0.031204868653127216
frameworks,88,155,0.567741935483871,0.06774193548387097,0.4890467770690876,0.6431605204205781,0.07705687167574526
respect,187,330,0.5666666666666667,0.06666666666666665,0.5127379424210091,0.6190611461506482,0.05316160186481955
social,82,145,0.5655172413793104,0.06551724137931036,0.4841749387406087,0.6434776665922164,0.07965136392580385
effective,57,101,0.5643564356435643,0.0643564356435643,0.46705646765298536,0.6569402808302014,0.09494190658860802
content,71,126,0.5634920634920635,0.06349206349206349,0.47628657044780054,0.6469406340623964,0.08532703180729795
might,89,158,0.5632911392405063,0.06329113924050633,0.48536137851410316,0.6382163508621395,0.07642748617401815
infrastructure,67,119,0.5630252100840336,0.06302521008403361,0.47331840744696124,0.6487902042872481,0.08773589842014343
vulnerability,67,119,0.5630252100840336,0.06302521008403361,0.47331840744696124,0.6487902042872481,0.08773589842014343
model,103,183,0.5628415300546448,0.06284153005464477,0.4904124957319459,0.632686521719381,0.07113701299371755
introduces,68,121,0.5619834710743802,0.06198347107438018,0.4730239553146009,0.6471284375018274,0.08705224109361323
uphold,166,296,0.5608108108108109,0.060810810810810856,0.5038522050522555,0.6162112449509282,0.05617951994933634
undermining,83,148,0.5608108108108109,0.060810810810810856,0.48031921396461014,0.6382254848271458,0.07895313543126783
standards,90,161,0.5590062111801242,0.05900621118012417,0.48182385896909463,0.6334384065794478,0.0758072738051766
stability,96,172,0.5581395348837209,0.05813953488372092,0.4834575161163485,0.6302813036940241,0.0734118937888378
commitment,120,215,0.5581395348837209,0.05813953488372092,0.491315400070631,0.6229225516169581,0.06580357577316354
mutual,68,122,0.5573770491803278,0.05737704918032782,0.46882625948307316,0.6424248348001547,0.08679928765854075
framework,136,244,0.5573770491803278,0.05737704918032782,0.49464373074001444,0.6183317178924808,0.06184399357623316
safeguard,73,131,0.5572519083969466,0.057251908396946605,0.4717670903549375,0.6394746607443763,0.0838537851947194
still,60,108,0.5555555555555556,0.05555555555555558,0.46153618205059904,0.6457585557553391,0.09211118685237005
privacy,611,1101,0.5549500454132607,0.05495004541326065,0.5254541942831131,0.5840637813811557,0.02930479354902127
foundational,137,247,0.5546558704453441,0.054655870445344146,0.49230848765043234,0.615329221550183,0.06151036694987533
speculative,66,119,0.5546218487394958,0.054621848739495826,0.4650073200605258,0.6408201434424556,0.08790641169096491
right,187,338,0.5532544378698225,0.053254437869822535,0.49995044488740237,0.6053615325544066,0.05270554383350212
autonomy,286,517,0.5531914893617021,0.05319148936170215,0.510100725955175,0.5954976266117132,0.04269845032826913
interactions,63,114,0.5526315789473685,0.052631578947368474,0.4611256858691398,0.640706047377298,0.08979018075407907
truth,214,389,0.5501285347043702,0.050128534704370176,0.500441494699076,0.5988351959971595,0.04919685064904178
align,106,193,0.5492227979274611,0.04922279792746109,0.4787459109370805,0.61777847022648,0.06951627964469975
sharing,79,144,0.5486111111111112,0.04861111111111116,0.46712268302595106,0.6275733522518093,0.08022533461292913
create,109,199,0.5477386934673367,0.047738693467336724,0.4783348571246331,0.615334356804633,0.06849974983999996
necessary,87,159,0.5471698113207547,0.047169811320754707,0.46959600192610984,0.6225181323283406,0.0764610652011154
professional,165,302,0.5463576158940397,0.04635761589403975,0.4899773197137557,0.601573381450064,0.05579803086815416
context,171,313,0.5463258785942492,0.04632587859424919,0.4909431094256275,0.6005853165194492,0.05482110354691086
protect,201,368,0.5461956521739131,0.04619565217391308,0.4951129996133489,0.5963238189378475,0.05060540966224927
dignity,138,253,0.5454545454545454,0.045454545454545414,0.48387565083318457,0.6056737548803871,0.06089905202360127
intent,73,134,0.5447761194029851,0.04477611940298509,0.46038470594828046,0.6266718306167436,0.08314356233423156
agency,135,248,0.5443548387096774,0.04435483870967738,0.48216551871610336,0.605191027354667,0.061512754319281826
societal,68,125,0.544,0.04400000000000004,0.4566773858646581,0.6286988594890092,0.08601073681217553
self,124,228,0.543859649122807,0.04385964912280704,0.4790159371436793,0.6072499106547853,0.064116986755553
gains,88,162,0.5432098765432098,0.043209876543209846,0.466389374343993,0.6180285999041508,0.0758196127800789
prioritizes,114,210,0.5428571428571428,0.042857142857142816,0.47531442949248526,0.6088600804424332,0.06677282547497398
professionalism,348,643,0.5412130637636081,0.041213063763608115,0.5025668558600188,0.579369759793264,0.03840145196662259
operational,61,113,0.5398230088495575,0.03982300884955747,0.44813144015193007,0.6288960130383923,0.0903822864432311
communities,75,139,0.539568345323741,0.03956834532374098,0.45675878075496973,0.6202496738688945,0.08174544655696239
direct,55,102,0.5392156862745098,0.039215686274509776,0.44281961379120005,0.632765134275744,0.09497276024227197
original,62,115,0.5391304347826087,0.03913043478260869,0.4482376584453216,0.6274934886586452,0.08962791510666179
most,120,223,0.5381165919282511,0.03811659192825112,0.4725908205003875,0.6023513884255285,0.0648802839625705
tool,144,268,0.5373134328358209,0.03731343283582089,0.4775120808801657,0.5960602141139982,0.059274066616916254
accountability,253,471,0.5371549893842887,0.03715498938428874,0.49200557491351193,0.5817032374697311,0.04484883127810957
power,80,149,0.5369127516778524,0.03691275167785235,0.4569279368154242,0.6150420645498771,0.07905706386722644
harmful,66,123,0.5365853658536586,0.03658536585365857,0.4486898633729702,0.6222648550895681,0.08678749585829895
here,67,125,0.536,0.03600000000000003,0.44880835644487477,0.6210449352081258,0.0861182893816255
present,82,153,0.5359477124183006,0.03594771241830064,0.457014194581037,0.6131203226742222,0.07805306404659262
health,90,168,0.5357142857142857,0.0357142857142857,0.4603451940164348,0.609486615387146,0.07457071068535559
erode,60,112,0.5357142857142857,0.0357142857142857,0.44370351423722987,0.6253563895437027,0.09082643765323639
directly,68,127,0.5354330708661418,0.03543307086614178,0.44892855114214497,0.6198569858055412,0.0854642173316981
personal,121,226,0.5353982300884956,0.03539823008849563,0.4703257023069361,0.5992875001244062,0.06448089890873507
medical,76,142,0.5352112676056338,0.035211267605633756,0.45333200298030085,0.6152356051666704,0.08095180109318478
systemic,183,342,0.5350877192982456,0.03508771929824561,0.4821302163281636,0.5872657435484777,0.05256776361015705
security,84,157,0.535031847133758,0.035031847133757954,0.4571090602704508,0.6112812669539669,0.07708610334175806
competence,77,144,0.5347222222222222,0.03472222222222221,0.45341232301081896,0.6142277021875813,0.08040768958838115
foundation,173,324,0.5339506172839507,0.03395061728395066,0.47955271698791424,0.587552889725581,0.054000086368833355
potentially,95,178,0.5337078651685393,0.0337078651685393,0.4604848538166716,0.6055066977130191,0.07251092194817377
protocols,112,210,0.5333333333333333,0.033333333333333326,0.46586592019407264,0.5996031430886418,0.06686861144728459
maintain,129,242,0.5330578512396694,0.03305785123966942,0.47017440032655816,0.5949081942722221,0.06236689697283196
principles,106,199,0.5326633165829145,0.03266331658291455,0.4633807968935939,0.6007086652685354,0.06866393418747074
community,60,113,0.5309734513274337,0.030973451327433676,0.43946269655912307,0.6204475448111277,0.09049242412600234
preserve,124,234,0.5299145299145299,0.02991452991452992,0.46599939451976324,0.5928633456829634,0.06343197558160008
prioritizing,117,221,0.5294117647058824,0.02941176470588236,0.4636653307820549,0.5941531875116162,0.06524392836478063
without,453,856,0.5292056074766355,0.029205607476635476,0.49571174445830524,0.5624385104370295,0.033363382989362145
honor,64,121,0.5289256198347108,0.02892561983471076,0.44047003362678394,0.6156010830208827,0.08756552469704937
nature,64,121,0.5289256198347108,0.02892561983471076,0.44047003362678394,0.6156010830208827,0.08756552469704937
become,56,106,0.5283018867924528,0.028301886792452824,0.4339517346801943,0.6206724487967789,0.09336035705829226
high,84,159,0.5283018867924528,0.028301886792452824,0.45095898793596156,0.6043094926167089,0.07667525234037365
enduring,57,108,0.5277777777777778,0.02777777777777779,0.43429667413386164,0.6193506947691074,0.0925270103176229
inherently,139,264,0.5265151515151515,0.02651515151515149,0.46633826888724145,0.5859314583672396,0.05979659473999907
enable,53,101,0.5247524752475248,0.024752475247524774,0.42824984362727647,0.6194412134816415,0.09559568492718251
protection,302,576,0.5243055555555556,0.02430555555555558,0.48349522481983154,0.564793836912573,0.04064930604637074
cooperation,473,903,0.5238095238095238,0.023809523809523836,0.49120281318396475,0.5562145160324559,0.03250585142424556
problem,101,193,0.5233160621761658,0.023316062176165775,0.4530866023723858,0.5926354729156166,0.06977443527161539
accept,79,151,0.5231788079470199,0.023178807947019875,0.4439319969642876,0.6012755337145986,0.07867176837515552
safeguards,173,331,0.5226586102719033,0.0226586102719033,0.46889823821518534,0.5758990818443729,0.053500421814593774
world,82,157,0.5222929936305732,0.022292993630573243,0.4445641094177636,0.5989570079068659,0.07719644924455116
open,60,115,0.5217391304347826,0.021739130434782594,0.4312239832374924,0.6108488762647113,0.08981244651360945
aligns,132,253,0.5217391304347826,0.021739130434782594,0.4603224856543679,0.5825054909912534,0.06109150266844274
against,86,165,0.5212121212121212,0.021212121212121238,0.44537724656787314,0.5960817650332635,0.07535225923269517
manipulation,74,142,0.5211267605633803,0.021126760563380254,0.43949288629593974,0.6016476785922429,0.08107739614815157
sustainability,415,797,0.520702634880803,0.02070263488080304,0.4860034950130953,0.555203162854737,0.03459983392082086
data,571,1097,0.5205104831358249,0.02051048313582493,0.4909274108570493,0.5499504100493394,0.029511499596145074
undermines,118,227,0.5198237885462555,0.01982378854625555,0.4550435500710173,0.5839442472075935,0.0644503485682881
convenience,66,127,0.5196850393700787,0.019685039370078705,0.43349828295507575,0.6047159042380832,0.08560881064150372
justice,357,687,0.519650655021834,0.01965065502183405,0.4822854827574506,0.5567972903669222,0.037255903804735785
critical,159,306,0.5196078431372549,0.019607843137254943,0.4637335617232939,0.5749959228514108,0.05563118056405844
creates,106,204,0.5196078431372549,0.019607843137254943,0.4513213240515907,0.5871695528186571,0.06792411438353321
trade,80,154,0.5194805194805194,0.01948051948051943,0.4410618703575967,0.5969509562142604,0.07794454292833186
patient,54,104,0.5192307692307693,0.019230769230769273,0.42424497820417756,0.6128465081661129,0.09430076498096765
analysis,56,108,0.5185185185185185,0.01851851851851849,0.42527864654226755,0.6104862660597117,0.09260380975872207
responsibility,249,481,0.5176715176715176,0.017671517671517645,0.4730531243723857,0.5620098837320573,0.04447837967983578
address,89,172,0.5174418604651163,0.01744186046511631,0.44320260342575635,0.5909190425173556,0.07385821954579963
over,432,835,0.5173652694610779,0.01736526946107786,0.4834701321508002,0.5511013589159033,0.03381561338255154
through,333,644,0.5170807453416149,0.017080745341614856,0.47849976348363427,0.5554591622696632,0.03847969939301446
ensure,125,242,0.5165289256198347,0.016528925619834656,0.4538027621837181,0.5787385351156721,0.06246788646597698
time,159,308,0.5162337662337663,0.016233766233766267,0.46056802866929164,0.571499548354679,0.05546575984269367
sensitive,96,186,0.5161290322580645,0.016129032258064502,0.44471387940871215,0.5868914403000192,0.0710887804456535
ensuring,224,434,0.5161290322580645,0.016129032258064502,0.4691778540337106,0.5627971901699798,0.04680966806813458
cultural,117,227,0.5154185022026432,0.01541850220264318,0.45069186602587497,0.5796319763019335,0.06447005513802928
complexity,52,101,0.5148514851485149,0.014851485148514865,0.41863926595785556,0.6099753683074952,0.09566805117481983
patterns,88,171,0.5146198830409356,0.014619883040935644,0.44021640613095836,0.5883809301857539,0.07408226202739776
rather,181,352,0.5142045454545454,0.014204545454545414,0.46212143239874104,0.5659809703767571,0.05192976898900803
cannot,308,600,0.5133333333333333,0.013333333333333308,0.473382466464604,0.5531145548416971,0.03986604418854656
advocate,157,306,0.5130718954248366,0.013071895424836555,0.4572551466623195,0.5685645097208168,0.055654681529248684
role,178,347,0.5129682997118156,0.012968299711815567,0.4605243279697787,0.565128284552847,0.05230197829153416
remains,82,160,0.5125,0.012499999999999956,0.43566953810500403,0.5887443070157083,0.07653738445535216
trust,610,1192,0.511744966442953,0.011744966442952975,0.4833762425166865,0.5400382325322158,0.028330995007764675
eroding,70,137,0.5109489051094891,0.010948905109489093,0.42809372433590537,0.593206821860647,0.08255654876237081
relationships,70,137,0.5109489051094891,0.010948905109489093,0.42809372433590537,0.593206821860647,0.08255654876237081
rooted,71,139,0.5107913669064749,0.010791366906474864,0.4285240616338751,0.5924782441726334,0.08197709126937916
need,72,141,0.5106382978723404,0.010638297872340385,0.4289464919724002,0.5917658097706651,0.08140965889913243
solving,80,157,0.5095541401273885,0.009554140127388533,0.4320682692895529,0.5865836381352884,0.07725768442286773
creating,107,210,0.5095238095238095,0.00952380952380949,0.44234964453155157,0.5763558021206525,0.06700307879455047
conditions,55,108,0.5092592592592593,0.0092592592592593,0.4162913692842406,0.6015910870167492,0.09264985886625432
alternative,85,167,0.5089820359281437,0.008982035928143728,0.433816036101515,0.5837441042807364,0.07496403408961072
benefit,60,118,0.5084745762711864,0.008474576271186418,0.4194386321529742,0.5969761417618987,0.08876875480446225
ethical,979,1926,0.5083073727933541,0.00830737279335414,0.485986082025739,0.530595590968039,0.02230475447114999
under,93,183,0.5081967213114754,0.008196721311475419,0.43634385437363493,0.5797125392069731,0.07168434241666907
complex,62,122,0.5081967213114754,0.008196721311475419,0.4205991755478547,0.5952938379211778,0.08734733118666158
where,298,587,0.5076660988074957,0.0076660988074956915,0.46730448384165996,0.5479280288157349,0.04031177248703746
requires,398,784,0.5076530612244898,0.007653061224489832,0.4727058900956908,0.5425256007907657,0.03490985534753746
deception,105,207,0.5072463768115942,0.007246376811594235,0.43963120663019345,0.5745974940095193,0.06748314368966293
others,72,142,0.5070422535211268,0.007042253521126751,0.4257166400412402,0.587996881588154,0.08114012077345689
integrity,298,588,0.5068027210884354,0.006802721088435382,0.4664798649380388,0.5470372685455479,0.04027870180375456
argue,162,320,0.50625,0.006249999999999978,0.4517232964734679,0.5606284265411408,0.05445256503383644
user,331,654,0.5061162079510704,0.006116207951070374,0.4678750555224428,0.5442859293056365,0.03820543689159683
must,464,917,0.5059978189749182,0.005997818974918245,0.4736808276351303,0.5382647683136963,0.032291970339282994
precedent,86,170,0.5058823529411764,0.00588235294117645,0.4314312857517614,0.5800734497329015,0.07432108199057008
research,86,170,0.5058823529411764,0.00588235294117645,0.4314312857517614,0.5800734497329015,0.07432108199057008
development,89,176,0.5056818181818182,0.005681818181818232,0.4324893365771758,0.5786315696538733,0.07307111653834875
thrives,90,178,0.5056179775280899,0.005617977528089901,0.4328310286152916,0.5781675633063235,0.07266826734551593
irreversible,101,200,0.505,0.0050000000000000044,0.43627000033527485,0.5735415464009526,0.06863577303283885
individuals,163,323,0.5046439628482973,0.004643962848297267,0.4503854215375335,0.5587933405779723,0.054203959520219364
responsible,124,246,0.5040650406504065,0.004065040650406471,0.44200539062411465,0.5659996859129838,0.061997147644434564
becomes,81,161,0.5031055900621118,0.0031055900621117516,0.42670648192148214,0.5793599531073884,0.07632673559295314
avoid,87,173,0.5028901734104047,0.0028901734104046506,0.42913562721951576,0.5765191553561808,0.07369176406833253
dynamic,107,213,0.5023474178403756,0.0023474178403756207,0.4357567248925648,0.568854939341012,0.06654910722422358
care,472,940,0.502127659574468,0.0021276595744680327,0.47022091176930925,0.5340170881221109,0.03189808817640083
collaboration,121,241,0.5020746887966805,0.0020746887966804906,0.43941364849180103,0.5646706271240061,0.06262848931610251
long,445,887,0.5016910935738444,0.0016910935738444488,0.4688504349920236,0.5345171675934818,0.03283336630072908
progress,234,467,0.5010706638115632,0.0010706638115631772,0.45589924296217066,0.5462246141903084,0.04516268561406889
demands,699,1397,0.5003579098067287,0.00035790980672867345,0.474173682022936,0.5265401746335067,0.026183246305285318
impact,65,130,0.5,0.0,0.4152923244410056,0.5847076755589944,0.08470767555899439
require,76,152,0.5,0.0,0.4214987462633732,0.5785012537366268,0.07850125373662678
guided,88,176,0.5,0.0,0.42692426588174476,0.5730757341182553,0.07307573411825527
broader,59,118,0.5,0.0,0.41121889415183216,0.5887811058481678,0.08878110584816781
response,73,146,0.5,0.0,0.41994248616670343,0.5800575138332966,0.0800575138332966
ability,111,222,0.5,0.0,0.434789690699899,0.5652103093001011,0.06521030930010105
dialogue,81,162,0.5,0.0,0.4239022982559518,0.5760977017440482,0.07609770174404817
process,176,353,0.4985835694050991,-0.0014164305949008749,0.4467213558255324,0.5504762792157971,0.051877461695132354
shared,125,251,0.49800796812749004,-0.0019920318725099584,0.43665053653434605,0.5594254551640707,0.061387459314862336
real,120,241,0.4979253112033195,-0.0020746887966804906,0.435329372875994,0.560586351508199,0.06262848931610251
prioritize,332,667,0.49775112443778113,-0.002248875562218866,0.45992812738848765,0.5355998770892413,0.037835874850376816
solution,95,191,0.4973821989528796,-0.002617801047120394,0.42722824035282797,0.5676393817330843,0.07020557069012814
very,184,370,0.4972972972972973,-0.002702702702702675,0.44664139580703355,0.5480087427669248,0.05068367347994562
within,83,167,0.49700598802395207,-0.002994011976047928,0.42209876325567697,0.5720478566169057,0.07497454668061437
face,77,155,0.4967741935483871,-0.0032258064516129115,0.41909738334729285,0.5746070310579613,0.07775482385533422
preservation,72,145,0.496551724137931,-0.0034482758620689724,0.41631658272010663,0.5769648591044815,0.08032413819218742
systems,387,780,0.49615384615384617,-0.0038461538461538325,0.46117082975122764,0.5311745611023933,0.035001865675582805
abstract,62,125,0.496,-0.0040000000000000036,0.40978626901633625,0.5824522541333303,0.08633299255849705
people,60,121,0.49586776859504134,-0.004132231404958664,0.40828993044758244,0.5836999100313224,0.08770498979186997
cooperative,58,117,0.49572649572649574,-0.004273504273504258,0.40671780553433473,0.5850068888730391,0.08914454166935218
essential,58,117,0.49572649572649574,-0.004273504273504258,0.40671780553433473,0.5850068888730391,0.08914454166935218
especially,111,224,0.4955357142857143,-0.004464285714285698,0.4306900581123325,0.5605319082042809,0.06492092504597419
first,54,109,0.4954128440366973,-0.004587155963302725,0.40331906413255036,0.5878189448009481,0.09224994033419887
patients,51,103,0.49514563106796117,-0.004854368932038833,0.4005157766877741,0.5901245607707564,0.09480439204149113
reject,101,204,0.4950980392156863,-0.004901960784313708,0.42721641049301506,0.5631608702894231,0.067972229898204
growth,88,178,0.4943820224719101,-0.005617977528089901,0.4218324366936765,0.5671689713847083,0.07266826734551593
efficiency,121,245,0.49387755102040815,-0.006122448979591855,0.4318530352424977,0.556091095875293,0.06211903031639768
lies,146,296,0.49324324324324326,-0.006756756756756743,0.43674066696267644,0.5499189497036366,0.0565891413704801
risk,363,736,0.49320652173913043,-0.006793478260869568,0.45721638956989635,0.5292672010956768,0.036025405762890234
maintaining,142,288,0.4930555555555556,-0.00694444444444442,0.4357877408981614,0.5505061872635066,0.057359223182672614
often,70,142,0.49295774647887325,-0.007042253521126751,0.412003118411846,0.5742833599587598,0.08114012077345689
support,174,353,0.49291784702549574,-0.007082152974504263,0.4411215682649209,0.5448666069417263,0.0518725193384027
committed,62,126,0.49206349206349204,-0.007936507936507964,0.4063062494903745,0.5782903499458507,0.08599205022773809
term,492,1000,0.492,-0.008000000000000007,0.4611041586281342,0.5229570695076347,0.030926455439750228
risks,519,1055,0.4919431279620853,-0.00805687203791472,0.4618598839569066,0.5220848323569652,0.030112474200029327
capacity,120,244,0.4918032786885246,-0.008196721311475419,0.4296897414244233,0.5541709087709346,0.062240583673255634
dangerous,59,120,0.49166666666666664,-0.00833333333333336,0.4038757172769723,0.5799746021633394,0.08804944244318355
true,173,352,0.4914772727272727,-0.008522727272727293,0.43962623444522425,0.5435123238894769,0.051943044722126325
between,186,379,0.49076517150395776,-0.009234828496042236,0.4407811842102284,0.5409344846685737,0.05007665022917268
allow,52,106,0.49056603773584906,-0.009433962264150941,0.39740700785165506,0.5843849309893538,0.0934889615688494
based,100,204,0.49019607843137253,-0.009803921568627472,0.42241467126201937,0.5583398903028567,0.06796260952041866
existing,50,102,0.49019607843137253,-0.009803921568627472,0.3953140272637241,0.5857897857195398,0.09523787922790783
choices,49,100,0.49,-0.010000000000000009,0.3942199893044113,0.5865198806597283,0.09614994567765847
allows,71,145,0.4896551724137931,-0.010344827586206917,0.40961291385299775,0.5702314116207667,0.0803092488838845
needs,113,231,0.48917748917748916,-0.010822510822510845,0.4254207057187258,0.5532883347330386,0.0639338145071564
values,134,274,0.48905109489051096,-0.010948905109489038,0.4304241971275263,0.5479807535754136,0.058778278223943686
benefits,131,268,0.48880597014925375,-0.011194029850746245,0.42954138185156493,0.5483869296501858,0.059422773899310416
strategic,83,170,0.48823529411764705,-0.011764705882352955,0.414189275118421,0.5628012539122531,0.07430598939691604
decisions,142,291,0.4879725085910653,-0.01202749140893472,0.4310734172559756,0.5451850098051351,0.05705579627457974
them,243,498,0.4879518072289157,-0.01204819277108432,0.44431099232764276,0.5317770733570868,0.043733040514722016
good,101,207,0.48792270531400966,-0.012077294685990336,0.42067197915631743,0.5556135197774943,0.06747077031058843
current,199,408,0.4877450980392157,-0.012254901960784326,0.439584237746621,0.5361345739809914,0.04827516811718521
vulnerable,119,244,0.48770491803278687,-0.012295081967213128,0.42566519978792566,0.550125775505111,0.062230287858592664
choice,226,464,0.4870689655172414,-0.012931034482758619,0.44188281400666624,0.5324674711727428,0.045292328583038305
human,534,1097,0.48678213309024615,-0.01321786690975385,0.4573022702648965,0.5163542451509865,0.029525987443044993
empathy,55,113,0.48672566371681414,-0.013274336283185861,0.3965321831240263,0.5777919991458662,0.09062990801091994
ethically,108,222,0.4864864864864865,-0.013513513513513487,0.4215294516640721,0.5519032385455511,0.06518689344073952
short,177,364,0.48626373626373626,-0.013736263736263743,0.43533017128705165,0.5374842036013577,0.05107701615715304
transparent,118,243,0.48559670781893005,-0.014403292181069949,0.42347155839750283,0.5481701583811813,0.06234929999183925
possible,50,103,0.4854368932038835,-0.014563106796116498,0.391190583237978,0.5807304291376137,0.09476992294981787
behavior,99,204,0.4852941176470588,-0.01470588235294118,0.41761934864315653,0.5535124937041577,0.06794657253050057
sustainable,146,301,0.4850498338870432,-0.014950166112956798,0.4291348123451072,0.541341644384836,0.056103416019864405
approach,137,283,0.4840989399293286,-0.01590106007067138,0.4264782748840386,0.5421455076158757,0.05783361636591852
challenges,60,124,0.4838709677419355,-0.016129032258064502,0.39772669170109254,0.5709845539550584,0.08662893112698294
clarity,75,155,0.4838709677419355,-0.016129032258064502,0.40654412065283446,0.5619779513734358,0.07771691536030065
because,59,122,0.48360655737704916,-0.016393442622950838,0.3967938072853936,0.5714201657765412,0.0873131792455738
violation,57,118,0.4830508474576271,-0.01694915254237289,0.394853534727032,0.572316917443222,0.088731691358095
rigid,83,172,0.48255813953488375,-0.017441860465116255,0.40908095748264456,0.5567973965742439,0.07385821954579966
capabilities,96,199,0.4824120603015075,-0.017587939698492483,0.4139787944607447,0.5515114951442625,0.06876635034175888
mitigate,52,108,0.48148148148148145,-0.018518518518518545,0.38951373394028815,0.5747213534577322,0.09260380975872204
compromising,52,108,0.48148148148148145,-0.018518518518518545,0.38951373394028815,0.5747213534577322,0.09260380975872204
ensures,101,210,0.48095238095238096,-0.019047619047619035,0.4143273061120574,0.5482618005835344,0.06696724723573846
individual,101,210,0.48095238095238096,-0.019047619047619035,0.4143273061120574,0.5482618005835344,0.06696724723573846
merely,156,325,0.48,-0.020000000000000018,0.42623520210840116,0.534232069729459,0.053998433810528934
just,239,498,0.4799196787148594,-0.02008032128514059,0.43636276496379445,0.5237840111774212,0.043710623106813395
breach,59,123,0.4796747967479675,-0.02032520325203252,0.39334643076101994,0.5672342812042366,0.08694392522160832
while,468,976,0.47950819672131145,-0.020491803278688547,0.4483078260218592,0.5108692432479562,0.03128070861304852
safety,174,363,0.4793388429752066,-0.020661157024793375,0.42843274872108966,0.5306776526816818,0.05112245198029605
prevent,127,265,0.47924528301886793,-0.02075471698113207,0.4198244508930037,0.539259240855089,0.05971739498104267
making,134,280,0.4785714285714286,-0.021428571428571408,0.42074668823847566,0.5369761897024087,0.05811475073196651
cost,133,278,0.4784172661870504,-0.021582733812949617,0.4203916120538902,0.5370312594774613,0.05831982371178557
moral,565,1181,0.47840812870448773,-0.021591871295512266,0.45003457221026477,0.5069216942840207,0.02844356103687795
system,786,1643,0.47839318320146074,-0.021606816798539263,0.4543174759756855,0.502569691505,0.024126107764657234
stakeholders,66,138,0.4782608695652174,-0.021739130434782594,0.39664111777602556,0.5610581328529124,0.08220850753844341
adaptive,65,136,0.47794117647058826,-0.022058823529411742,0.39575507336234567,0.5613391957435475,0.08279206119060092
meaningful,85,178,0.47752808988764045,-0.02247191011235955,0.4054019407967183,0.550603691516821,0.07260087536005133
financial,62,130,0.47692307692307695,-0.02307692307692305,0.39296542216305513,0.5622054191228418,0.08461999847989335
users,376,789,0.47655259822560203,-0.02344740177439797,0.4419006491198918,0.5114317610506922,0.03476555596540021
immediate,263,552,0.47644927536231885,-0.023550724637681153,0.43509143063184214,0.5181326414710862,0.04152060541962202
being,211,443,0.4762979683972912,-0.023702031602708784,0.4301936225209206,0.5228098430585193,0.04630811026879936
hypothetical,50,105,0.47619047619047616,-0.023809523809523836,0.3832000199522678,0.5708616027586422,0.09383079140318717
innovation,242,509,0.47544204322200395,-0.02455795677799605,0.43240388277025127,0.518848108327565,0.04322211277865687
clear,58,122,0.47540983606557374,-0.024590163934426257,0.3889042501571566,0.5634167094357456,0.08725622963929452
information,253,533,0.474671669793621,-0.02532833020637898,0.4326112357996827,0.5170945859911449,0.042241675095731096
firmly,56,118,0.4745762711864407,-0.02542372881355931,0.38670795460749935,0.5640477236478817,0.08866988452019117
enabling,65,137,0.4744525547445255,-0.025547445255474477,0.39267847013242335,0.5576202554089548,0.08247089263826571
principle,162,342,0.47368421052631576,-0.026315789473684237,0.4213525076239001,0.5266005224686189,0.0526240074223594
engagement,108,228,0.47368421052631576,-0.026315789473684237,0.40984700634407956,0.5383934849768416,0.06427323931638101
fostering,81,171,0.47368421052631576,-0.026315789473684237,0.40024960551336747,0.5482751891165503,0.0740127918015914
technical,116,245,0.47346938775510206,-0.026530612244897944,0.41184149884431864,0.5359164026661073,0.062037451910894326
consequences,187,395,0.47341772151898737,-0.026582278481012633,0.42467226436610184,0.5226752354096401,0.04900148552176914
viability,52,110,0.4727272727272727,-0.027272727272727282,0.381932067205923,0.5653630565376131,0.09171549466584505
experiences,51,108,0.4722222222222222,-0.02777777777777779,0.38064930523089247,0.5657033258661384,0.09252701031762295
preserving,126,267,0.47191011235955055,-0.02808988764044945,0.41285414542937965,0.5317629007742798,0.05945437767245007
does,250,530,0.4716981132075472,-0.028301886792452824,0.4295550172909465,0.5142485230592676,0.042346752884160566
freedom,55,117,0.4700854700854701,-0.02991452991452992,0.3820433508650713,0.5600295099865453,0.08899307956073702
value,447,951,0.47003154574132494,-0.02996845425867506,0.4384947948927545,0.5018094310356006,0.03165731807142305
public,117,249,0.46987951807228917,-0.03012048192771083,0.4088171168387581,0.5318571694513022,0.06152002630627207
truthfulness,312,664,0.46987951807228917,-0.03012048192771083,0.4322001041342159,0.5079054411689556,0.037852668517369875
emotional,192,409,0.46943765281173594,-0.03056234718826406,0.4215803589382089,0.5178637073834876,0.048141674222639375
fairness,76,162,0.4691358024691358,-0.030864197530864224,0.3938947766491506,0.5458066703164607,0.07595594683365503
life,82,175,0.4685714285714286,-0.03142857142857142,0.3961085446331309,0.5423844643563083,0.07313795986158869
crisis,52,111,0.46846846846846846,-0.03153153153153154,0.3782522790360825,0.5607941239626,0.09127092246325874
threat,52,111,0.46846846846846846,-0.03153153153153154,0.3782522790360825,0.5607941239626,0.09127092246325874
morally,133,284,0.46830985915492956,-0.031690140845070436,0.4110854759776907,0.5263800994340405,0.057647311728174916
built,81,173,0.4682080924855491,-0.03179190751445088,0.39535160251013335,0.5424457891572058,0.0735470933235362
itself,103,220,0.4681818181818182,-0.0318181818181818,0.40335736118538057,0.5340983716634008,0.06537050523901011
tools,125,267,0.4681647940074906,-0.031835205992509386,0.4091883456695346,0.5280443066946127,0.05942798051253903
communication,201,430,0.46744186046511627,-0.032558139534883734,0.4207798802061258,0.5146804142615535,0.04695026702771388
duty,177,379,0.46701846965699206,-0.032981530343007937,0.4173722871239538,0.5173265303003396,0.049977121588192897
path,99,212,0.4669811320754717,-0.033018867924528295,0.4010079870930607,0.5341295899206759,0.06656080141380763
access,124,266,0.46616541353383456,-0.03383458646616544,0.40712455647956425,0.5261696078839602,0.05952252570219796
honesty,82,176,0.4659090909090909,-0.034090909090909116,0.3937279643060311,0.5395465983076749,0.07290931700082193
make,109,234,0.4658119658119658,-0.03418803418803418,0.40296649512332067,0.5297618017878489,0.06339765333226413
lives,128,275,0.46545454545454545,-0.034545454545454546,0.4073821021907935,0.5244788194943933,0.058548358651799914
language,67,144,0.4652777777777778,-0.03472222222222221,0.3857722978124188,0.5465876769891811,0.08040768958838115
decision,167,359,0.46518105849582175,-0.03481894150417825,0.41422631286053657,0.5168730712030849,0.051323379171274164
harm,550,1183,0.46491969568892644,-0.03508030431107356,0.43665707747884847,0.4934094032771635,0.02837616289915751
failure,99,213,0.4647887323943662,-0.03521126760563381,0.3990249864353211,0.5318000500610277,0.06638753181285331
students,79,170,0.4647058823529412,-0.03529411764705881,0.3913409829725095,0.5396306041195131,0.07414481057350181
provide,59,127,0.4645669291338583,-0.035433070866141725,0.3801430141944589,0.5510714488578552,0.08546421733169815
proactive,51,110,0.4636363636363636,-0.036363636363636376,0.37325081079079014,0.556476020867258,0.09161260503823393
evolve,51,110,0.4636363636363636,-0.036363636363636376,0.37325081079079014,0.556476020867258,0.09161260503823393
creativity,482,1040,0.4634615384615385,-0.03653846153846152,0.43334481940411823,0.4938471891544776,0.030251184875179693
like,88,190,0.4631578947368421,-0.0368421052631579,0.393688183048914,0.5340878454375917,0.07019983119433884
compromise,94,203,0.4630541871921182,-0.036945812807881784,0.3957835992150081,0.5316970901713342,0.06795674547816302
outcomes,143,309,0.4627831715210356,-0.0372168284789644,0.40798608303668094,0.5184942495678845,0.05525408326560177
ethics,55,119,0.46218487394957986,-0.037815126050420145,0.3751937215788054,0.5515411113806692,0.08817369490093191
transparency,309,669,0.4618834080717489,-0.03811659192825112,0.42443035795427864,0.4997716968813598,0.037670669463540585
service,54,117,0.46153846153846156,-0.038461538461538436,0.37386916338626497,0.5516530862800992,0.08889196144691713
toward,48,104,0.46153846153846156,-0.038461538461538436,0.3688100475176425,0.5570069797417769,0.09409846611206721
student,59,128,0.4609375,-0.0390625,0.3769811559809195,0.5471701687279483,0.0850945063735144
core,336,729,0.4609053497942387,-0.039094650205761305,0.4250201474629396,0.4972004101843779,0.036090131360719147
informed,99,215,0.4604651162790698,-0.039534883720930225,0.395117828602944,0.5272003642494952,0.06604126782327563
education,64,139,0.460431654676259,-0.03956834532374098,0.37975032613110543,0.5432412192450302,0.08174544655696239
solutions,122,265,0.46037735849056605,-0.03962264150943395,0.40136062400734546,0.5205264238753767,0.05958289993401564
remain,61,133,0.45864661654135336,-0.04135338345864664,0.3763124485820971,0.5433025562943598,0.08349505385613132
oversight,72,157,0.4585987261146497,-0.04140127388535031,0.38257508234352977,0.5365999854821583,0.07701245156931424
full,77,168,0.4583333333333333,-0.041666666666666685,0.38476159343111366,0.5337679622647087,0.07450318441679751
abandon,52,114,0.45614035087719296,-0.04385964912280704,0.3676314155243377,0.5475088067702976,0.08993869562297993
imperative,152,334,0.4550898203592814,-0.044910179640718584,0.4024970278042032,0.5087039239536976,0.05310344807474718
fear,50,110,0.45454545454545453,-0.04545454545454547,0.3645991214526058,0.5475594181199543,0.09148014833367427
serve,79,174,0.4540229885057471,-0.04597701149425287,0.38183522465280684,0.5281970023312749,0.07318088883923402
platform,120,265,0.4528301886792453,-0.047169811320754707,0.39399876753558,0.5130096228009942,0.05950542763270708
case,47,104,0.4519230769230769,-0.04807692307692307,0.35968918595107724,0.547582098123197,0.09394645608605989
justify,47,104,0.4519230769230769,-0.04807692307692307,0.35968918595107724,0.547582098123197,0.09394645608605989
lead,69,153,0.45098039215686275,-0.04901960784313725,0.3742981275388657,0.5300638943857809,0.07788288342345762
temporary,86,191,0.450261780104712,-0.04973821989528798,0.3813772435263099,0.5211075761060197,0.06986516628985487
creative,176,391,0.45012787723785164,-0.04987212276214836,0.40153849078120823,0.4996876871473089,0.04907459818305032
future,258,575,0.44869565217391305,-0.05130434782608695,0.4085174551631888,0.48955480780117455,0.04051867631899286
ways,74,165,0.4484848484848485,-0.051515151515151514,0.3746305062562813,0.5246833227123867,0.0750264082280527
designed,74,165,0.4484848484848485,-0.051515151515151514,0.3746305062562813,0.5246833227123867,0.0750264082280527
constraints,64,143,0.44755244755244755,-0.05244755244755245,0.3684877717153971,0.5293612409512758,0.08043673461793935
understanding,140,313,0.4472843450479233,-0.052715654952076696,0.3931715543073449,0.5026754092723953,0.05475192748252519
limitations,75,168,0.44642857142857145,-0.05357142857142855,0.3732894383665086,0.5219628475281204,0.0743367045808059
algorithm,56,126,0.4444444444444444,-0.05555555555555558,0.36060225925953826,0.5315739367940392,0.08548583876725047
obligation,52,117,0.4444444444444444,-0.05555555555555558,0.3575972219792095,0.5348238053166497,0.08861329166872012
engage,82,185,0.44324324324324327,-0.05675675675675673,0.3735362149184815,0.5152593910297887,0.0708615880556536
identity,69,156,0.4423076923076923,-0.05769230769230771,0.36668664939489515,0.5207017657709603,0.07700755818803257
experience,60,136,0.4411764705882353,-0.05882352941176472,0.3604814617168842,0.5251032558988312,0.0823108970909735
responsibly,45,102,0.4411764705882353,-0.05882352941176472,0.3486933262423857,0.5379295516571981,0.09461811270740622
loss,46,105,0.4380952380952381,-0.06190476190476191,0.34704364160611384,0.5335165774422522,0.0932364679180692
delay,49,112,0.4375,-0.0625,0.34921166420971755,0.5299335041736504,0.09036091998196641
issue,45,103,0.4368932038834951,-0.06310679611650488,0.34508430443595695,0.5332400825249405,0.09407788904449177
design,68,156,0.4358974358974359,-0.0641025641025641,0.3605494424755592,0.5143265743753913,0.07688856594991605
work,61,140,0.4357142857142857,-0.06428571428571428,0.3563809424482328,0.5184812833135488,0.081050170432658
balance,53,122,0.4344262295081967,-0.0655737704918033,0.34980063310587917,0.5230552591418602,0.08662731301799054
purpose,78,180,0.43333333333333335,-0.06666666666666665,0.36308178444241596,0.506370948613799,0.07164458208569155
resources,99,229,0.43231441048034935,-0.06768558951965065,0.3697898649781449,0.49707233320163724,0.06364123411174616
knowledge,126,292,0.4315068493150685,-0.0684931506849315,0.37595077109455527,0.4888416749694579,0.05644545193745132
compels,51,119,0.42857142857142855,-0.07142857142857145,0.34326450059423497,0.5183457394403279,0.08754061942304647
allowing,79,185,0.42702702702702705,-0.07297297297297295,0.3579463087614072,0.4990766131720831,0.07056515220533793
accuracy,79,185,0.42702702702702705,-0.07297297297297295,0.3579463087614072,0.4990766131720831,0.07056515220533793
potential,195,460,0.42391304347826086,-0.07608695652173914,0.3795664044105426,0.46951996191390494,0.04497677875168116
honest,44,104,0.4230769230769231,-0.07692307692307693,0.3325321436006159,0.5191019109182229,0.0932848836588035
dilemma,56,133,0.42105263157894735,-0.07894736842105265,0.34051605220038084,0.5060216843819462,0.08275281609078267
withholding,82,195,0.4205128205128205,-0.07948717948717948,0.353418306976961,0.4906785922116818,0.06863014261736039
equitable,52,124,0.41935483870967744,-0.08064516129032256,0.33620591853325965,0.5073503097474948,0.0855721956071176
grounded,62,148,0.4189189189189189,-0.08108108108108109,0.34246750390049413,0.4994728977104978,0.07850269690500183
form,66,158,0.4177215189873418,-0.08227848101265822,0.34366715919224095,0.49568179261864415,0.0760073167132016
learning,209,502,0.4163346613545817,-0.08366533864541831,0.3740073275897785,0.459932736959625,0.04296270468492325
adapt,49,118,0.4152542372881356,-0.0847457627118644,0.33038875471251583,0.5054635061387543,0.08753737571311926
passive,48,116,0.41379310344827586,-0.08620689655172414,0.32833485328047207,0.5047779926677415,0.0882215696936347
judgment,55,133,0.41353383458646614,-0.08646616541353386,0.33341361077247444,0.49850867215102657,0.08254753068927606
greater,90,220,0.4090909090909091,-0.09090909090909088,0.34622292910165664,0.4750791647520044,0.06442811782517388
challenge,48,118,0.4067796610169492,-0.09322033898305082,0.32244480291963507,0.4969926840167622,0.08727394054856358
reality,51,126,0.40476190476190477,-0.09523809523809523,0.32310457721717,0.4920546160175344,0.0844750194001822
wisdom,225,556,0.40467625899280574,-0.09532374100719426,0.3646670786522442,0.44599360334996246,0.04066326234885914
using,40,100,0.4,-0.09999999999999998,0.3094012864324589,0.4979974132089382,0.09429806338823965
pursuit,53,136,0.3897058823529412,-0.11029411764705882,0.3118497252632615,0.47362162026620513,0.08088594750147182
opportunity,46,120,0.38333333333333336,-0.11666666666666664,0.30124527754856906,0.47265919461579525,0.0857069585336131
inaction,51,159,0.32075471698113206,-0.17924528301886794,0.2531674219409781,0.39679886789210983,0.07181572297556588
